{
  "totals": {
    "EqSat_BaseRules_random_terms_large": {
      "time": 43.97680112,
      "weight_simple_diff": 1115.0,
      "weight_complex_diff": 2123.0,
      "depth_diff": 300.0
    },
    "EqSat_math_no_diff_int_KBC_max_rules_40_random_terms_large": {
      "time": 5.181218807000001,
      "weight_simple_diff": 964.0,
      "weight_complex_diff": 1722.0,
      "depth_diff": 213.0
    },
    "EqSat_math_no_diff_int_KBC_max_rules_60_random_terms_large": {
      "time": 6.302624646999999,
      "weight_simple_diff": 978.0,
      "weight_complex_diff": 1736.0,
      "depth_diff": 222.0
    },
    "EqSat_math_no_diff_int_KBC_max_rules_80_random_terms_large": {
      "time": 7.933463338,
      "weight_simple_diff": 991.0,
      "weight_complex_diff": 1750.0,
      "depth_diff": 229.0
    },
    "EqSat_math_no_diff_int_KBC_max_rules_100_random_terms_large": {
      "time": 8.825634976000005,
      "weight_simple_diff": 997.0,
      "weight_complex_diff": 1754.0,
      "depth_diff": 230.0
    },
    "EqSat_math_no_diff_int_KBC_max_rules_150_random_terms_large": {
      "time": 19.078888318000004,
      "weight_simple_diff": 1087.0,
      "weight_complex_diff": 1993.0,
      "depth_diff": 281.0
    }
  },
  "averages": {
    "EqSat_BaseRules_random_terms_large": {
      "time": 0.375870095042735,
      "weight_simple_diff": 9.52991452991453,
      "weight_complex_diff": 18.145299145299145,
      "depth_diff": 2.5641025641025643
    },
    "EqSat_math_no_diff_int_KBC_max_rules_40_random_terms_large": {
      "time": 0.04428392142735044,
      "weight_simple_diff": 8.239316239316238,
      "weight_complex_diff": 14.717948717948717,
      "depth_diff": 1.8205128205128205
    },
    "EqSat_math_no_diff_int_KBC_max_rules_60_random_terms_large": {
      "time": 0.05386858672649572,
      "weight_simple_diff": 8.35897435897436,
      "weight_complex_diff": 14.837606837606838,
      "depth_diff": 1.8974358974358974
    },
    "EqSat_math_no_diff_int_KBC_max_rules_80_random_terms_large": {
      "time": 0.06780737895726496,
      "weight_simple_diff": 8.47008547008547,
      "weight_complex_diff": 14.957264957264957,
      "depth_diff": 1.9572649572649572
    },
    "EqSat_math_no_diff_int_KBC_max_rules_100_random_terms_large": {
      "time": 0.07543277757264961,
      "weight_simple_diff": 8.521367521367521,
      "weight_complex_diff": 14.991452991452991,
      "depth_diff": 1.9658119658119657
    },
    "EqSat_math_no_diff_int_KBC_max_rules_150_random_terms_large": {
      "time": 0.16306742152136755,
      "weight_simple_diff": 9.290598290598291,
      "weight_complex_diff": 17.034188034188034,
      "depth_diff": 2.4017094017094016
    }
  },
  "counts": {
    "EqSat_BaseRules_random_terms_large": 117,
    "EqSat_math_no_diff_int_KBC_max_rules_40_random_terms_large": 117,
    "EqSat_math_no_diff_int_KBC_max_rules_60_random_terms_large": 117,
    "EqSat_math_no_diff_int_KBC_max_rules_80_random_terms_large": 117,
    "EqSat_math_no_diff_int_KBC_max_rules_100_random_terms_large": 117,
    "EqSat_math_no_diff_int_KBC_max_rules_150_random_terms_large": 117
  }
}