{
  "totals": {
    "EqSat_BaseRules_random_terms_small": {
      "time": 105.84076930499975,
      "weight_simple_diff": 8196.0,
      "weight_complex_diff": 15545.0,
      "depth_diff": 3362.0
    },
    "EqSat_math_no_diff_int_KBC_max_rules_40_extended_random_terms_small": {
      "time": 74.92778300100004,
      "weight_simple_diff": 8175.0,
      "weight_complex_diff": 15737.0,
      "depth_diff": 3364.0
    },
    "EqSat_math_no_diff_int_KBC_max_rules_60_extended_random_terms_small": {
      "time": 90.83216684199985,
      "weight_simple_diff": 8276.0,
      "weight_complex_diff": 15828.0,
      "depth_diff": 3427.0
    },
    "EqSat_math_no_diff_int_KBC_max_rules_80_extended_random_terms_small": {
      "time": 83.91614483499986,
      "weight_simple_diff": 8312.0,
      "weight_complex_diff": 15865.0,
      "depth_diff": 3444.0
    },
    "EqSat_math_no_diff_int_KBC_max_rules_100_extended_random_terms_small": {
      "time": 83.80876919700019,
      "weight_simple_diff": 8313.0,
      "weight_complex_diff": 15849.0,
      "depth_diff": 3444.0
    },
    "EqSat_math_no_diff_int_KBC_max_rules_150_extended_random_terms_small": {
      "time": 112.88262631099984,
      "weight_simple_diff": 8349.0,
      "weight_complex_diff": 15923.0,
      "depth_diff": 3476.0
    },
    "EqSat_math_no_diff_int_KBC_max_rules_200_extended_random_terms_small": {
      "time": 156.75264322499999,
      "weight_simple_diff": 8389.0,
      "weight_complex_diff": 16002.0,
      "depth_diff": 3483.0
    }
  },
  "averages": {
    "EqSat_BaseRules_random_terms_small": {
      "time": 0.03586606889359531,
      "weight_simple_diff": 2.777363605557438,
      "weight_complex_diff": 5.267705862419519,
      "depth_diff": 1.1392748220942053
    },
    "EqSat_math_no_diff_int_KBC_max_rules_40_extended_random_terms_small": {
      "time": 0.025390641477804145,
      "weight_simple_diff": 2.770247373771603,
      "weight_complex_diff": 5.33276855303287,
      "depth_diff": 1.1399525584547612
    },
    "EqSat_math_no_diff_int_KBC_max_rules_60_extended_random_terms_small": {
      "time": 0.030780131088444546,
      "weight_simple_diff": 2.804473059979668,
      "weight_complex_diff": 5.363605557438157,
      "depth_diff": 1.1613012538122671
    },
    "EqSat_math_no_diff_int_KBC_max_rules_80_extended_random_terms_small": {
      "time": 0.028436511296170742,
      "weight_simple_diff": 2.8166723144696713,
      "weight_complex_diff": 5.376143680108438,
      "depth_diff": 1.1670620128769909
    },
    "EqSat_math_no_diff_int_KBC_max_rules_100_extended_random_terms_small": {
      "time": 0.028400125109115618,
      "weight_simple_diff": 2.8170111826499493,
      "weight_complex_diff": 5.370721789223992,
      "depth_diff": 1.1670620128769909
    },
    "EqSat_math_no_diff_int_KBC_max_rules_150_extended_random_terms_small": {
      "time": 0.03825233016299554,
      "weight_simple_diff": 2.8292104371399525,
      "weight_complex_diff": 5.395798034564554,
      "depth_diff": 1.1779057946458829
    },
    "EqSat_math_no_diff_int_KBC_max_rules_200_extended_random_terms_small": {
      "time": 0.053118482963402235,
      "weight_simple_diff": 2.8427651643510674,
      "weight_complex_diff": 5.422568620806507,
      "depth_diff": 1.180277871907828
    }
  },
  "counts": {
    "EqSat_BaseRules_random_terms_small": 2951,
    "EqSat_math_no_diff_int_KBC_max_rules_40_extended_random_terms_small": 2951,
    "EqSat_math_no_diff_int_KBC_max_rules_60_extended_random_terms_small": 2951,
    "EqSat_math_no_diff_int_KBC_max_rules_80_extended_random_terms_small": 2951,
    "EqSat_math_no_diff_int_KBC_max_rules_100_extended_random_terms_small": 2951,
    "EqSat_math_no_diff_int_KBC_max_rules_150_extended_random_terms_small": 2951,
    "EqSat_math_no_diff_int_KBC_max_rules_200_extended_random_terms_small": 2951
  }
}