{
  "totals": {
    "EqSat_BaseRules_random_terms_huge": {
      "time": 211.39521395499983,
      "weight_simple_diff": 8804.0,
      "weight_complex_diff": 16392.0,
      "depth_diff": 607.0
    },
    "EqSat_math_no_diff_int_KBC_max_rules_40_random_terms_huge": {
      "time": 37.659013927,
      "weight_simple_diff": 8134.0,
      "weight_complex_diff": 14292.0,
      "depth_diff": 459.0
    },
    "EqSat_math_no_diff_int_KBC_max_rules_60_random_terms_huge": {
      "time": 45.68994856900002,
      "weight_simple_diff": 8179.0,
      "weight_complex_diff": 14336.0,
      "depth_diff": 478.0
    },
    "EqSat_math_no_diff_int_KBC_max_rules_80_random_terms_huge": {
      "time": 53.485738869000016,
      "weight_simple_diff": 8249.0,
      "weight_complex_diff": 14407.0,
      "depth_diff": 485.0
    },
    "EqSat_math_no_diff_int_KBC_max_rules_100_random_terms_huge": {
      "time": 57.22159008100001,
      "weight_simple_diff": 8270.0,
      "weight_complex_diff": 14423.0,
      "depth_diff": 494.0
    },
    "EqSat_math_no_diff_int_KBC_max_rules_150_random_terms_huge": {
      "time": 88.805654147,
      "weight_simple_diff": 8634.0,
      "weight_complex_diff": 15434.0,
      "depth_diff": 572.0
    }
  },
  "averages": {
    "EqSat_BaseRules_random_terms_huge": {
      "time": 0.8524000562701606,
      "weight_simple_diff": 35.5,
      "weight_complex_diff": 66.09677419354838,
      "depth_diff": 2.4475806451612905
    },
    "EqSat_math_no_diff_int_KBC_max_rules_40_random_terms_huge": {
      "time": 0.15185086260887096,
      "weight_simple_diff": 32.79838709677419,
      "weight_complex_diff": 57.62903225806452,
      "depth_diff": 1.8508064516129032
    },
    "EqSat_math_no_diff_int_KBC_max_rules_60_random_terms_huge": {
      "time": 0.18423366358467752,
      "weight_simple_diff": 32.979838709677416,
      "weight_complex_diff": 57.806451612903224,
      "depth_diff": 1.9274193548387097
    },
    "EqSat_math_no_diff_int_KBC_max_rules_80_random_terms_huge": {
      "time": 0.2156683018911291,
      "weight_simple_diff": 33.26209677419355,
      "weight_complex_diff": 58.09274193548387,
      "depth_diff": 1.9556451612903225
    },
    "EqSat_math_no_diff_int_KBC_max_rules_100_random_terms_huge": {
      "time": 0.23073221806854843,
      "weight_simple_diff": 33.346774193548384,
      "weight_complex_diff": 58.15725806451613,
      "depth_diff": 1.9919354838709677
    },
    "EqSat_math_no_diff_int_KBC_max_rules_150_random_terms_huge": {
      "time": 0.358087315108871,
      "weight_simple_diff": 34.814516129032256,
      "weight_complex_diff": 62.233870967741936,
      "depth_diff": 2.306451612903226
    }
  },
  "counts": {
    "EqSat_BaseRules_random_terms_huge": 248,
    "EqSat_math_no_diff_int_KBC_max_rules_40_random_terms_huge": 248,
    "EqSat_math_no_diff_int_KBC_max_rules_60_random_terms_huge": 248,
    "EqSat_math_no_diff_int_KBC_max_rules_80_random_terms_huge": 248,
    "EqSat_math_no_diff_int_KBC_max_rules_100_random_terms_huge": 248,
    "EqSat_math_no_diff_int_KBC_max_rules_150_random_terms_huge": 248
  }
}