{
  "totals": {
    "EqSat_BaseRules_random_terms_small": {
      "time": 195.57104817099997,
      "weight_simple_diff": 8196.0,
      "weight_complex_diff": 15545.0,
      "depth_diff": 3362.0
    },
    "EqSat_math_no_diff_int_sep_div_KBC_max_rules_60_random_terms_small": {
      "time": 411.1873307860002,
      "weight_simple_diff": 7381.0,
      "weight_complex_diff": 13979.0,
      "depth_diff": 2896.0
    },
    "EqSat_math_no_diff_int_sep_div_KBC_max_rules_80_random_terms_small": {
      "time": 435.43729880399985,
      "weight_simple_diff": 7461.0,
      "weight_complex_diff": 14060.0,
      "depth_diff": 2968.0
    },
    "EqSat_math_no_diff_int_sep_div_KBC_max_rules_100_random_terms_small": {
      "time": 432.4511134450003,
      "weight_simple_diff": 7633.0,
      "weight_complex_diff": 14244.0,
      "depth_diff": 3066.0
    },
    "EqSat_math_no_diff_int_sep_div_KBC_max_rules_150_random_terms_small": {
      "time": 466.91873639199883,
      "weight_simple_diff": 7925.0,
      "weight_complex_diff": 14688.0,
      "depth_diff": 3235.0
    },
    "EqSat_math_no_diff_int_sep_div_KBC_max_rules_200_random_terms_small": {
      "time": 334.28769110499985,
      "weight_simple_diff": 8290.0,
      "weight_complex_diff": 15680.0,
      "depth_diff": 3429.0
    },
    "EqSat_math_no_diff_int_sep_div_KBC_max_rules_40_random_terms_small": {
      "time": 48.38424988000014,
      "weight_simple_diff": 7260.0,
      "weight_complex_diff": 13649.0,
      "depth_diff": 2816.0
    }
  },
  "averages": {
    "EqSat_BaseRules_random_terms_small": {
      "time": 0.06627280520874279,
      "weight_simple_diff": 2.777363605557438,
      "weight_complex_diff": 5.267705862419519,
      "depth_diff": 1.1392748220942053
    },
    "EqSat_math_no_diff_int_sep_div_KBC_max_rules_60_random_terms_small": {
      "time": 0.13933830253676727,
      "weight_simple_diff": 2.5011860386309723,
      "weight_complex_diff": 4.737038292104371,
      "depth_diff": 0.981362250084717
    },
    "EqSat_math_no_diff_int_sep_div_KBC_max_rules_80_random_terms_small": {
      "time": 0.1475558450708234,
      "weight_simple_diff": 2.5282954930532022,
      "weight_complex_diff": 4.764486614706879,
      "depth_diff": 1.0057607590647237
    },
    "EqSat_math_no_diff_int_sep_div_KBC_max_rules_100_random_terms_small": {
      "time": 0.1465439218722468,
      "weight_simple_diff": 2.586580820060996,
      "weight_complex_diff": 4.826838359878008,
      "depth_diff": 1.0389698407319552
    },
    "EqSat_math_no_diff_int_sep_div_KBC_max_rules_150_random_terms_small": {
      "time": 0.1582239025388,
      "weight_simple_diff": 2.685530328702135,
      "weight_complex_diff": 4.977295831921382,
      "depth_diff": 1.0962385631989155
    },
    "EqSat_math_no_diff_int_sep_div_KBC_max_rules_200_random_terms_small": {
      "time": 0.11327946157404264,
      "weight_simple_diff": 2.8092172145035583,
      "weight_complex_diff": 5.313453066757032,
      "depth_diff": 1.1619789901728228
    },
    "EqSat_math_no_diff_int_sep_div_KBC_max_rules_40_random_terms_small": {
      "time": 0.01639588271094549,
      "weight_simple_diff": 2.46018298881735,
      "weight_complex_diff": 4.6252117926126735,
      "depth_diff": 0.9542527956624873
    }
  },
  "counts": {
    "EqSat_BaseRules_random_terms_small": 2951,
    "EqSat_math_no_diff_int_sep_div_KBC_max_rules_60_random_terms_small": 2951,
    "EqSat_math_no_diff_int_sep_div_KBC_max_rules_80_random_terms_small": 2951,
    "EqSat_math_no_diff_int_sep_div_KBC_max_rules_100_random_terms_small": 2951,
    "EqSat_math_no_diff_int_sep_div_KBC_max_rules_150_random_terms_small": 2951,
    "EqSat_math_no_diff_int_sep_div_KBC_max_rules_200_random_terms_small": 2951,
    "EqSat_math_no_diff_int_sep_div_KBC_max_rules_40_random_terms_small": 2951
  }
}