{
  "totals": {
    "EqSat_BaseRules_random_terms_medium": {
      "time": 58.267833194000005,
      "weight_simple_diff": 2359.0,
      "weight_complex_diff": 4430.0,
      "depth_diff": 739.0
    },
    "EqSat_math_no_diff_int_KBC_max_rules_40_random_terms_medium": {
      "time": 17.759818147999983,
      "weight_simple_diff": 2056.0,
      "weight_complex_diff": 3632.0,
      "depth_diff": 564.0
    },
    "EqSat_math_no_diff_int_KBC_max_rules_60_random_terms_medium": {
      "time": 18.303728694000004,
      "weight_simple_diff": 2088.0,
      "weight_complex_diff": 3669.0,
      "depth_diff": 584.0
    },
    "EqSat_math_no_diff_int_KBC_max_rules_80_random_terms_medium": {
      "time": 23.131753092999997,
      "weight_simple_diff": 2119.0,
      "weight_complex_diff": 3700.0,
      "depth_diff": 595.0
    },
    "EqSat_math_no_diff_int_KBC_max_rules_100_random_terms_medium": {
      "time": 22.360273833999994,
      "weight_simple_diff": 2127.0,
      "weight_complex_diff": 3699.0,
      "depth_diff": 602.0
    },
    "EqSat_math_no_diff_int_KBC_max_rules_150_random_terms_medium": {
      "time": 33.84213888300001,
      "weight_simple_diff": 2286.0,
      "weight_complex_diff": 4076.0,
      "depth_diff": 683.0
    }
  },
  "averages": {
    "EqSat_BaseRules_random_terms_medium": {
      "time": 0.1435168305270936,
      "weight_simple_diff": 5.810344827586207,
      "weight_complex_diff": 10.911330049261084,
      "depth_diff": 1.8201970443349753
    },
    "EqSat_math_no_diff_int_KBC_max_rules_40_random_terms_medium": {
      "time": 0.043743394453201925,
      "weight_simple_diff": 5.064039408866995,
      "weight_complex_diff": 8.945812807881774,
      "depth_diff": 1.3891625615763548
    },
    "EqSat_math_no_diff_int_KBC_max_rules_60_random_terms_medium": {
      "time": 0.045083075600985234,
      "weight_simple_diff": 5.142857142857143,
      "weight_complex_diff": 9.036945812807883,
      "depth_diff": 1.438423645320197
    },
    "EqSat_math_no_diff_int_KBC_max_rules_80_random_terms_medium": {
      "time": 0.056974761312807876,
      "weight_simple_diff": 5.219211822660099,
      "weight_complex_diff": 9.113300492610838,
      "depth_diff": 1.4655172413793103
    },
    "EqSat_math_no_diff_int_KBC_max_rules_100_random_terms_medium": {
      "time": 0.055074566093596046,
      "weight_simple_diff": 5.238916256157635,
      "weight_complex_diff": 9.110837438423646,
      "depth_diff": 1.4827586206896552
    },
    "EqSat_math_no_diff_int_KBC_max_rules_150_random_terms_medium": {
      "time": 0.08335502187931038,
      "weight_simple_diff": 5.630541871921182,
      "weight_complex_diff": 10.039408866995075,
      "depth_diff": 1.6822660098522169
    }
  },
  "counts": {
    "EqSat_BaseRules_random_terms_medium": 406,
    "EqSat_math_no_diff_int_KBC_max_rules_40_random_terms_medium": 406,
    "EqSat_math_no_diff_int_KBC_max_rules_60_random_terms_medium": 406,
    "EqSat_math_no_diff_int_KBC_max_rules_80_random_terms_medium": 406,
    "EqSat_math_no_diff_int_KBC_max_rules_100_random_terms_medium": 406,
    "EqSat_math_no_diff_int_KBC_max_rules_150_random_terms_medium": 406
  }
}