{
  "totals": {
    "EqSat_BaseRules_random_terms_small": {
      "time": 14.433579660000012,
      "weight_simple_diff": 8196.0,
      "weight_complex_diff": 15545.0,
      "depth_diff": 3362.0
    },
    "EqSat_math_no_diff_int_KBC_max_rules_40_random_terms_small": {
      "time": 4.220124168000005,
      "weight_simple_diff": 7316.0,
      "weight_complex_diff": 13184.0,
      "depth_diff": 2852.0
    },
    "EqSat_math_no_diff_int_KBC_max_rules_60_random_terms_small": {
      "time": 4.652746689000009,
      "weight_simple_diff": 7412.0,
      "weight_complex_diff": 13283.0,
      "depth_diff": 2918.0
    },
    "EqSat_math_no_diff_int_KBC_max_rules_80_random_terms_small": {
      "time": 4.896028926000009,
      "weight_simple_diff": 7489.0,
      "weight_complex_diff": 13346.0,
      "depth_diff": 2961.0
    },
    "EqSat_math_no_diff_int_KBC_max_rules_100_random_terms_small": {
      "time": 5.0750955990000035,
      "weight_simple_diff": 7517.0,
      "weight_complex_diff": 13363.0,
      "depth_diff": 2978.0
    },
    "EqSat_math_no_diff_int_KBC_max_rules_150_random_terms_small": {
      "time": 6.875058812999998,
      "weight_simple_diff": 7936.0,
      "weight_complex_diff": 14465.0,
      "depth_diff": 3200.0
    }
  },
  "averages": {
    "EqSat_BaseRules_random_terms_small": {
      "time": 0.004891080874279909,
      "weight_simple_diff": 2.777363605557438,
      "weight_complex_diff": 5.267705862419519,
      "depth_diff": 1.1392748220942053
    },
    "EqSat_math_no_diff_int_KBC_max_rules_40_random_terms_small": {
      "time": 0.00143006579735683,
      "weight_simple_diff": 2.4791596069129107,
      "weight_complex_diff": 4.467638088783463,
      "depth_diff": 0.9664520501524907
    },
    "EqSat_math_no_diff_int_KBC_max_rules_60_random_terms_small": {
      "time": 0.0015766678037953267,
      "weight_simple_diff": 2.5116909522195865,
      "weight_complex_diff": 4.501186038630973,
      "depth_diff": 0.9888173500508303
    },
    "EqSat_math_no_diff_int_KBC_max_rules_80_random_terms_small": {
      "time": 0.0016591084127414468,
      "weight_simple_diff": 2.5377838021009826,
      "weight_complex_diff": 4.522534733988478,
      "depth_diff": 1.0033886818027786
    },
    "EqSat_math_no_diff_int_KBC_max_rules_100_random_terms_small": {
      "time": 0.0017197884103693675,
      "weight_simple_diff": 2.547272111148763,
      "weight_complex_diff": 4.528295493053203,
      "depth_diff": 1.0091494408675026
    },
    "EqSat_math_no_diff_int_KBC_max_rules_150_random_terms_small": {
      "time": 0.0023297386692646554,
      "weight_simple_diff": 2.6892578786851913,
      "weight_complex_diff": 4.901728227719417,
      "depth_diff": 1.08437817688919
    }
  },
  "counts": {
    "EqSat_BaseRules_random_terms_small": 2951,
    "EqSat_math_no_diff_int_KBC_max_rules_40_random_terms_small": 2951,
    "EqSat_math_no_diff_int_KBC_max_rules_60_random_terms_small": 2951,
    "EqSat_math_no_diff_int_KBC_max_rules_80_random_terms_small": 2951,
    "EqSat_math_no_diff_int_KBC_max_rules_100_random_terms_small": 2951,
    "EqSat_math_no_diff_int_KBC_max_rules_150_random_terms_small": 2951
  }
}