{
  "totals": {
    "EqSat_BaseRules_random_terms_small": {
      "time": 14.431389936000008,
      "weight_simple_diff": 8196.0,
      "weight_complex_diff": 15545.0,
      "depth_diff": 3362.0
    },
    "EqSat_math_no_diff_int_KBC_max_rules_40_extended_random_terms_small": {
      "time": 13.687206933999992,
      "weight_simple_diff": 8175.0,
      "weight_complex_diff": 15736.0,
      "depth_diff": 3364.0
    },
    "EqSat_math_no_diff_int_KBC_max_rules_60_extended_random_terms_small": {
      "time": 16.088312127999984,
      "weight_simple_diff": 8276.0,
      "weight_complex_diff": 15828.0,
      "depth_diff": 3427.0
    },
    "EqSat_math_no_diff_int_KBC_max_rules_80_extended_random_terms_small": {
      "time": 16.74798584000001,
      "weight_simple_diff": 8312.0,
      "weight_complex_diff": 15866.0,
      "depth_diff": 3444.0
    },
    "EqSat_math_no_diff_int_KBC_max_rules_100_extended_random_terms_small": {
      "time": 18.152027316999988,
      "weight_simple_diff": 8313.0,
      "weight_complex_diff": 15850.0,
      "depth_diff": 3444.0
    },
    "EqSat_math_no_diff_int_KBC_max_rules_150_extended_random_terms_small": {
      "time": 39.26332559500001,
      "weight_simple_diff": 8348.0,
      "weight_complex_diff": 15921.0,
      "depth_diff": 3476.0
    },
    "EqSat_math_no_diff_int_KBC_max_rules_200_extended_random_terms_small": {
      "time": 60.510871838999975,
      "weight_simple_diff": 8393.0,
      "weight_complex_diff": 16004.0,
      "depth_diff": 3482.0
    }
  },
  "averages": {
    "EqSat_BaseRules_random_terms_small": {
      "time": 0.004890338846492717,
      "weight_simple_diff": 2.777363605557438,
      "weight_complex_diff": 5.267705862419519,
      "depth_diff": 1.1392748220942053
    },
    "EqSat_math_no_diff_int_KBC_max_rules_40_extended_random_terms_small": {
      "time": 0.0046381589068112475,
      "weight_simple_diff": 2.770247373771603,
      "weight_complex_diff": 5.332429684852593,
      "depth_diff": 1.1399525584547612
    },
    "EqSat_math_no_diff_int_KBC_max_rules_60_extended_random_terms_small": {
      "time": 0.005451817054557772,
      "weight_simple_diff": 2.804473059979668,
      "weight_complex_diff": 5.363605557438157,
      "depth_diff": 1.1613012538122671
    },
    "EqSat_math_no_diff_int_KBC_max_rules_80_extended_random_terms_small": {
      "time": 0.005675359484920369,
      "weight_simple_diff": 2.8166723144696713,
      "weight_complex_diff": 5.376482548288716,
      "depth_diff": 1.1670620128769909
    },
    "EqSat_math_no_diff_int_KBC_max_rules_100_extended_random_terms_small": {
      "time": 0.006151144465266007,
      "weight_simple_diff": 2.8170111826499493,
      "weight_complex_diff": 5.37106065740427,
      "depth_diff": 1.1670620128769909
    },
    "EqSat_math_no_diff_int_KBC_max_rules_150_extended_random_terms_small": {
      "time": 0.013305091696035247,
      "weight_simple_diff": 2.828871568959675,
      "weight_complex_diff": 5.395120298203999,
      "depth_diff": 1.1779057946458829
    },
    "EqSat_math_no_diff_int_KBC_max_rules_200_extended_random_terms_small": {
      "time": 0.020505209027109447,
      "weight_simple_diff": 2.8441206370721788,
      "weight_complex_diff": 5.423246357167062,
      "depth_diff": 1.17993900372755
    }
  },
  "counts": {
    "EqSat_BaseRules_random_terms_small": 2951,
    "EqSat_math_no_diff_int_KBC_max_rules_40_extended_random_terms_small": 2951,
    "EqSat_math_no_diff_int_KBC_max_rules_60_extended_random_terms_small": 2951,
    "EqSat_math_no_diff_int_KBC_max_rules_80_extended_random_terms_small": 2951,
    "EqSat_math_no_diff_int_KBC_max_rules_100_extended_random_terms_small": 2951,
    "EqSat_math_no_diff_int_KBC_max_rules_150_extended_random_terms_small": 2951,
    "EqSat_math_no_diff_int_KBC_max_rules_200_extended_random_terms_small": 2951
  }
}