{
  "totals": {
    "EqSat_BaseRules_random_terms_huge": {
      "time": 24.64876586199998,
      "weight_simple_diff": 8776.0,
      "weight_complex_diff": 16356.0,
      "depth_diff": 593.0
    },
    "EqSat_math_no_diff_int_KBC_max_rules_40_random_terms_huge": {
      "time": 5.169525585999999,
      "weight_simple_diff": 8134.0,
      "weight_complex_diff": 14290.0,
      "depth_diff": 459.0
    },
    "EqSat_math_no_diff_int_KBC_max_rules_60_random_terms_huge": {
      "time": 6.211951067000001,
      "weight_simple_diff": 8180.0,
      "weight_complex_diff": 14335.0,
      "depth_diff": 477.0
    },
    "EqSat_math_no_diff_int_KBC_max_rules_80_random_terms_huge": {
      "time": 7.404917597000002,
      "weight_simple_diff": 8249.0,
      "weight_complex_diff": 14405.0,
      "depth_diff": 483.0
    },
    "EqSat_math_no_diff_int_KBC_max_rules_100_random_terms_huge": {
      "time": 7.998789357999998,
      "weight_simple_diff": 8266.0,
      "weight_complex_diff": 14415.0,
      "depth_diff": 491.0
    },
    "EqSat_math_no_diff_int_KBC_max_rules_150_random_terms_huge": {
      "time": 15.156822454,
      "weight_simple_diff": 8628.0,
      "weight_complex_diff": 15428.0,
      "depth_diff": 570.0
    }
  },
  "averages": {
    "EqSat_BaseRules_random_terms_huge": {
      "time": 0.09939018492741927,
      "weight_simple_diff": 35.38709677419355,
      "weight_complex_diff": 65.95161290322581,
      "depth_diff": 2.3911290322580645
    },
    "EqSat_math_no_diff_int_KBC_max_rules_40_random_terms_huge": {
      "time": 0.020844861233870964,
      "weight_simple_diff": 32.79838709677419,
      "weight_complex_diff": 57.62096774193548,
      "depth_diff": 1.8508064516129032
    },
    "EqSat_math_no_diff_int_KBC_max_rules_60_random_terms_huge": {
      "time": 0.025048189786290326,
      "weight_simple_diff": 32.983870967741936,
      "weight_complex_diff": 57.80241935483871,
      "depth_diff": 1.9233870967741935
    },
    "EqSat_math_no_diff_int_KBC_max_rules_80_random_terms_huge": {
      "time": 0.029858538697580653,
      "weight_simple_diff": 33.26209677419355,
      "weight_complex_diff": 58.08467741935484,
      "depth_diff": 1.9475806451612903
    },
    "EqSat_math_no_diff_int_KBC_max_rules_100_random_terms_huge": {
      "time": 0.032253182895161284,
      "weight_simple_diff": 33.33064516129032,
      "weight_complex_diff": 58.125,
      "depth_diff": 1.9798387096774193
    },
    "EqSat_math_no_diff_int_KBC_max_rules_150_random_terms_huge": {
      "time": 0.06111621957258065,
      "weight_simple_diff": 34.79032258064516,
      "weight_complex_diff": 62.20967741935484,
      "depth_diff": 2.2983870967741935
    }
  },
  "counts": {
    "EqSat_BaseRules_random_terms_huge": 248,
    "EqSat_math_no_diff_int_KBC_max_rules_40_random_terms_huge": 248,
    "EqSat_math_no_diff_int_KBC_max_rules_60_random_terms_huge": 248,
    "EqSat_math_no_diff_int_KBC_max_rules_80_random_terms_huge": 248,
    "EqSat_math_no_diff_int_KBC_max_rules_100_random_terms_huge": 248,
    "EqSat_math_no_diff_int_KBC_max_rules_150_random_terms_huge": 248
  }
}