{
  "totals": {
    "EqSat_BaseRules_random_terms_huge": {
      "time": 43.85086536699999,
      "weight_simple_diff": 17604.0,
      "weight_complex_diff": 32782.0,
      "depth_diff": 1208.0
    },
    "EqSat_math_no_diff_int_sep_div_KBC_max_rules_60_random_terms_huge": {
      "time": 52.23650240300002,
      "weight_simple_diff": 16446.0,
      "weight_complex_diff": 29978.0,
      "depth_diff": 988.0
    },
    "EqSat_math_no_diff_int_sep_div_KBC_max_rules_80_random_terms_huge": {
      "time": 50.67214235400006,
      "weight_simple_diff": 16509.0,
      "weight_complex_diff": 30065.0,
      "depth_diff": 994.0
    },
    "EqSat_math_no_diff_int_sep_div_KBC_max_rules_100_random_terms_huge": {
      "time": 56.60059813800003,
      "weight_simple_diff": 16644.0,
      "weight_complex_diff": 30311.0,
      "depth_diff": 1054.0
    },
    "EqSat_math_no_diff_int_sep_div_KBC_max_rules_150_random_terms_huge": {
      "time": 38.12932315400003,
      "weight_simple_diff": 17035.0,
      "weight_complex_diff": 30911.0,
      "depth_diff": 1135.0
    },
    "EqSat_math_no_diff_int_sep_div_KBC_max_rules_200_random_terms_huge": {
      "time": 39.931649450999956,
      "weight_simple_diff": 17717.0,
      "weight_complex_diff": 32679.0,
      "depth_diff": 1238.0
    },
    "EqSat_math_no_diff_int_sep_div_KBC_max_rules_40_random_terms_huge": {
      "time": 19.807331700999995,
      "weight_simple_diff": 16342.0,
      "weight_complex_diff": 29724.0,
      "depth_diff": 982.0
    }
  },
  "averages": {
    "EqSat_BaseRules_random_terms_huge": {
      "time": 0.08840900275604836,
      "weight_simple_diff": 35.49193548387097,
      "weight_complex_diff": 66.09274193548387,
      "depth_diff": 2.435483870967742
    },
    "EqSat_math_no_diff_int_sep_div_KBC_max_rules_60_random_terms_huge": {
      "time": 0.10531552903830649,
      "weight_simple_diff": 33.15725806451613,
      "weight_complex_diff": 60.439516129032256,
      "depth_diff": 1.9919354838709677
    },
    "EqSat_math_no_diff_int_sep_div_KBC_max_rules_80_random_terms_huge": {
      "time": 0.10216157732661302,
      "weight_simple_diff": 33.284274193548384,
      "weight_complex_diff": 60.61491935483871,
      "depth_diff": 2.004032258064516
    },
    "EqSat_math_no_diff_int_sep_div_KBC_max_rules_100_random_terms_huge": {
      "time": 0.11411410914919361,
      "weight_simple_diff": 33.556451612903224,
      "weight_complex_diff": 61.11088709677419,
      "depth_diff": 2.125
    },
    "EqSat_math_no_diff_int_sep_div_KBC_max_rules_150_random_terms_huge": {
      "time": 0.0768736353911291,
      "weight_simple_diff": 34.34475806451613,
      "weight_complex_diff": 62.32056451612903,
      "depth_diff": 2.288306451612903
    },
    "EqSat_math_no_diff_int_sep_div_KBC_max_rules_200_random_terms_huge": {
      "time": 0.08050735776411282,
      "weight_simple_diff": 35.71975806451613,
      "weight_complex_diff": 65.8850806451613,
      "depth_diff": 2.495967741935484
    },
    "EqSat_math_no_diff_int_sep_div_KBC_max_rules_40_random_terms_huge": {
      "time": 0.039934136493951604,
      "weight_simple_diff": 32.94758064516129,
      "weight_complex_diff": 59.92741935483871,
      "depth_diff": 1.9798387096774193
    }
  },
  "counts": {
    "EqSat_BaseRules_random_terms_huge": 496,
    "EqSat_math_no_diff_int_sep_div_KBC_max_rules_60_random_terms_huge": 496,
    "EqSat_math_no_diff_int_sep_div_KBC_max_rules_80_random_terms_huge": 496,
    "EqSat_math_no_diff_int_sep_div_KBC_max_rules_100_random_terms_huge": 496,
    "EqSat_math_no_diff_int_sep_div_KBC_max_rules_150_random_terms_huge": 496,
    "EqSat_math_no_diff_int_sep_div_KBC_max_rules_200_random_terms_huge": 496,
    "EqSat_math_no_diff_int_sep_div_KBC_max_rules_40_random_terms_huge": 496
  }
}