{
  "totals": {
    "EqSat_BaseRules_random_terms_medium": {
      "time": 6.571347155,
      "weight_simple_diff": 2359.0,
      "weight_complex_diff": 4429.0,
      "depth_diff": 740.0
    },
    "EqSat_math_no_diff_int_KBC_max_rules_40_random_terms_medium": {
      "time": 1.985854577000001,
      "weight_simple_diff": 2056.0,
      "weight_complex_diff": 3632.0,
      "depth_diff": 564.0
    },
    "EqSat_math_no_diff_int_KBC_max_rules_60_random_terms_medium": {
      "time": 2.0686163630000003,
      "weight_simple_diff": 2088.0,
      "weight_complex_diff": 3669.0,
      "depth_diff": 584.0
    },
    "EqSat_math_no_diff_int_KBC_max_rules_80_random_terms_medium": {
      "time": 2.5561335089999986,
      "weight_simple_diff": 2119.0,
      "weight_complex_diff": 3700.0,
      "depth_diff": 595.0
    },
    "EqSat_math_no_diff_int_KBC_max_rules_100_random_terms_medium": {
      "time": 2.6346864350000008,
      "weight_simple_diff": 2127.0,
      "weight_complex_diff": 3699.0,
      "depth_diff": 602.0
    },
    "EqSat_math_no_diff_int_KBC_max_rules_150_random_terms_medium": {
      "time": 4.544391646999994,
      "weight_simple_diff": 2286.0,
      "weight_complex_diff": 4076.0,
      "depth_diff": 684.0
    }
  },
  "averages": {
    "EqSat_BaseRules_random_terms_medium": {
      "time": 0.016185584125615764,
      "weight_simple_diff": 5.810344827586207,
      "weight_complex_diff": 10.908866995073891,
      "depth_diff": 1.8226600985221675
    },
    "EqSat_math_no_diff_int_KBC_max_rules_40_random_terms_medium": {
      "time": 0.004891267431034485,
      "weight_simple_diff": 5.064039408866995,
      "weight_complex_diff": 8.945812807881774,
      "depth_diff": 1.3891625615763548
    },
    "EqSat_math_no_diff_int_KBC_max_rules_60_random_terms_medium": {
      "time": 0.005095114194581281,
      "weight_simple_diff": 5.142857142857143,
      "weight_complex_diff": 9.036945812807883,
      "depth_diff": 1.438423645320197
    },
    "EqSat_math_no_diff_int_KBC_max_rules_80_random_terms_medium": {
      "time": 0.006295895342364528,
      "weight_simple_diff": 5.219211822660099,
      "weight_complex_diff": 9.113300492610838,
      "depth_diff": 1.4655172413793103
    },
    "EqSat_math_no_diff_int_KBC_max_rules_100_random_terms_medium": {
      "time": 0.006489375455665027,
      "weight_simple_diff": 5.238916256157635,
      "weight_complex_diff": 9.110837438423646,
      "depth_diff": 1.4827586206896552
    },
    "EqSat_math_no_diff_int_KBC_max_rules_150_random_terms_medium": {
      "time": 0.011193082874384221,
      "weight_simple_diff": 5.630541871921182,
      "weight_complex_diff": 10.039408866995075,
      "depth_diff": 1.6847290640394088
    }
  },
  "counts": {
    "EqSat_BaseRules_random_terms_medium": 406,
    "EqSat_math_no_diff_int_KBC_max_rules_40_random_terms_medium": 406,
    "EqSat_math_no_diff_int_KBC_max_rules_60_random_terms_medium": 406,
    "EqSat_math_no_diff_int_KBC_max_rules_80_random_terms_medium": 406,
    "EqSat_math_no_diff_int_KBC_max_rules_100_random_terms_medium": 406,
    "EqSat_math_no_diff_int_KBC_max_rules_150_random_terms_medium": 406
  }
}