{
  "totals": {
    "EqSat_BaseRules_random_terms_large": {
      "time": 4.427727572999999,
      "weight_simple_diff": 1116.0,
      "weight_complex_diff": 2124.0,
      "depth_diff": 301.0
    },
    "EqSat_math_no_diff_int_KBC_max_rules_40_random_terms_large": {
      "time": 0.6284026749999996,
      "weight_simple_diff": 964.0,
      "weight_complex_diff": 1722.0,
      "depth_diff": 213.0
    },
    "EqSat_math_no_diff_int_KBC_max_rules_60_random_terms_large": {
      "time": 0.7912850530000001,
      "weight_simple_diff": 978.0,
      "weight_complex_diff": 1736.0,
      "depth_diff": 222.0
    },
    "EqSat_math_no_diff_int_KBC_max_rules_80_random_terms_large": {
      "time": 0.9757893859999998,
      "weight_simple_diff": 991.0,
      "weight_complex_diff": 1750.0,
      "depth_diff": 228.0
    },
    "EqSat_math_no_diff_int_KBC_max_rules_100_random_terms_large": {
      "time": 1.1239661980000002,
      "weight_simple_diff": 997.0,
      "weight_complex_diff": 1754.0,
      "depth_diff": 230.0
    },
    "EqSat_math_no_diff_int_KBC_max_rules_150_random_terms_large": {
      "time": 2.6628917280000013,
      "weight_simple_diff": 1087.0,
      "weight_complex_diff": 1993.0,
      "depth_diff": 279.0
    }
  },
  "averages": {
    "EqSat_BaseRules_random_terms_large": {
      "time": 0.0378438254102564,
      "weight_simple_diff": 9.538461538461538,
      "weight_complex_diff": 18.153846153846153,
      "depth_diff": 2.572649572649573
    },
    "EqSat_math_no_diff_int_KBC_max_rules_40_random_terms_large": {
      "time": 0.00537096303418803,
      "weight_simple_diff": 8.239316239316238,
      "weight_complex_diff": 14.717948717948717,
      "depth_diff": 1.8205128205128205
    },
    "EqSat_math_no_diff_int_KBC_max_rules_60_random_terms_large": {
      "time": 0.006763120111111112,
      "weight_simple_diff": 8.35897435897436,
      "weight_complex_diff": 14.837606837606838,
      "depth_diff": 1.8974358974358974
    },
    "EqSat_math_no_diff_int_KBC_max_rules_80_random_terms_large": {
      "time": 0.00834008022222222,
      "weight_simple_diff": 8.47008547008547,
      "weight_complex_diff": 14.957264957264957,
      "depth_diff": 1.9487179487179487
    },
    "EqSat_math_no_diff_int_KBC_max_rules_100_random_terms_large": {
      "time": 0.009606548700854702,
      "weight_simple_diff": 8.521367521367521,
      "weight_complex_diff": 14.991452991452991,
      "depth_diff": 1.9658119658119657
    },
    "EqSat_math_no_diff_int_KBC_max_rules_150_random_terms_large": {
      "time": 0.02275975835897437,
      "weight_simple_diff": 9.290598290598291,
      "weight_complex_diff": 17.034188034188034,
      "depth_diff": 2.3846153846153846
    }
  },
  "counts": {
    "EqSat_BaseRules_random_terms_large": 117,
    "EqSat_math_no_diff_int_KBC_max_rules_40_random_terms_large": 117,
    "EqSat_math_no_diff_int_KBC_max_rules_60_random_terms_large": 117,
    "EqSat_math_no_diff_int_KBC_max_rules_80_random_terms_large": 117,
    "EqSat_math_no_diff_int_KBC_max_rules_100_random_terms_large": 117,
    "EqSat_math_no_diff_int_KBC_max_rules_150_random_terms_large": 117
  }
}