{
  "totals": {
    "EqSat_BaseRules_random_terms_small": {
      "time": 0.38642985900000015,
      "weight_simple_diff": 8196.0,
      "weight_complex_diff": 15544.0,
      "depth_diff": 3362.0
    },
    "EqSat_math_no_diff_int_sep_div_KBC_max_rules_60_random_terms_small": {
      "time": 0.46552794200000075,
      "weight_simple_diff": 7381.0,
      "weight_complex_diff": 13979.0,
      "depth_diff": 2896.0
    },
    "EqSat_math_no_diff_int_sep_div_KBC_max_rules_80_random_terms_small": {
      "time": 0.4944827890000011,
      "weight_simple_diff": 7461.0,
      "weight_complex_diff": 14060.0,
      "depth_diff": 2968.0
    },
    "EqSat_math_no_diff_int_sep_div_KBC_max_rules_100_random_terms_small": {
      "time": 0.49557274699999976,
      "weight_simple_diff": 7633.0,
      "weight_complex_diff": 14244.0,
      "depth_diff": 3066.0
    },
    "EqSat_math_no_diff_int_sep_div_KBC_max_rules_150_random_terms_small": {
      "time": 0.5226541210000009,
      "weight_simple_diff": 7925.0,
      "weight_complex_diff": 14687.0,
      "depth_diff": 3235.0
    },
    "EqSat_math_no_diff_int_sep_div_KBC_max_rules_200_random_terms_small": {
      "time": 0.5292094829999994,
      "weight_simple_diff": 8287.0,
      "weight_complex_diff": 15669.0,
      "depth_diff": 3426.0
    },
    "EqSat_math_no_diff_int_sep_div_KBC_max_rules_40_random_terms_small": {
      "time": 0.08280350099999977,
      "weight_simple_diff": 7260.0,
      "weight_complex_diff": 13649.0,
      "depth_diff": 2816.0
    }
  },
  "averages": {
    "EqSat_BaseRules_random_terms_small": {
      "time": 0.00013094878312436468,
      "weight_simple_diff": 2.777363605557438,
      "weight_complex_diff": 5.267366994239241,
      "depth_diff": 1.1392748220942053
    },
    "EqSat_math_no_diff_int_sep_div_KBC_max_rules_60_random_terms_small": {
      "time": 0.00015775260657404296,
      "weight_simple_diff": 2.5011860386309723,
      "weight_complex_diff": 4.737038292104371,
      "depth_diff": 0.981362250084717
    },
    "EqSat_math_no_diff_int_sep_div_KBC_max_rules_80_random_terms_small": {
      "time": 0.00016756448288715727,
      "weight_simple_diff": 2.5282954930532022,
      "weight_complex_diff": 4.764486614706879,
      "depth_diff": 1.0057607590647237
    },
    "EqSat_math_no_diff_int_sep_div_KBC_max_rules_100_random_terms_small": {
      "time": 0.00016793383497119613,
      "weight_simple_diff": 2.586580820060996,
      "weight_complex_diff": 4.826838359878008,
      "depth_diff": 1.0389698407319552
    },
    "EqSat_math_no_diff_int_sep_div_KBC_max_rules_150_random_terms_small": {
      "time": 0.00017711085089800097,
      "weight_simple_diff": 2.685530328702135,
      "weight_complex_diff": 4.976956963741105,
      "depth_diff": 1.0962385631989155
    },
    "EqSat_math_no_diff_int_sep_div_KBC_max_rules_200_random_terms_small": {
      "time": 0.00017933225449000316,
      "weight_simple_diff": 2.8082006099627246,
      "weight_complex_diff": 5.309725516773975,
      "depth_diff": 1.160962385631989
    },
    "EqSat_math_no_diff_int_sep_div_KBC_max_rules_40_random_terms_small": {
      "time": 2.805947170450687e-05,
      "weight_simple_diff": 2.46018298881735,
      "weight_complex_diff": 4.6252117926126735,
      "depth_diff": 0.9542527956624873
    }
  },
  "counts": {
    "EqSat_BaseRules_random_terms_small": 2951,
    "EqSat_math_no_diff_int_sep_div_KBC_max_rules_60_random_terms_small": 2951,
    "EqSat_math_no_diff_int_sep_div_KBC_max_rules_80_random_terms_small": 2951,
    "EqSat_math_no_diff_int_sep_div_KBC_max_rules_100_random_terms_small": 2951,
    "EqSat_math_no_diff_int_sep_div_KBC_max_rules_150_random_terms_small": 2951,
    "EqSat_math_no_diff_int_sep_div_KBC_max_rules_200_random_terms_small": 2951,
    "EqSat_math_no_diff_int_sep_div_KBC_max_rules_40_random_terms_small": 2951
  }
}