{
  "totals": {
    "EqSat_BaseRules_random_terms_huge": {
      "time": 0.7831746510000005,
      "weight_simple_diff": 25959.0,
      "weight_complex_diff": 48372.0,
      "depth_diff": 1783.0
    },
    "EqSat_math_no_diff_int_sep_div_KBC_max_rules_60_random_terms_huge": {
      "time": 0.45032104400000056,
      "weight_simple_diff": 24671.0,
      "weight_complex_diff": 44876.0,
      "depth_diff": 1472.0
    },
    "EqSat_math_no_diff_int_sep_div_KBC_max_rules_80_random_terms_huge": {
      "time": 0.47402223199999965,
      "weight_simple_diff": 24739.0,
      "weight_complex_diff": 44980.0,
      "depth_diff": 1493.0
    },
    "EqSat_math_no_diff_int_sep_div_KBC_max_rules_100_random_terms_huge": {
      "time": 0.495211776,
      "weight_simple_diff": 24953.0,
      "weight_complex_diff": 45396.0,
      "depth_diff": 1586.0
    },
    "EqSat_math_no_diff_int_sep_div_KBC_max_rules_150_random_terms_huge": {
      "time": 0.6061148800000011,
      "weight_simple_diff": 25512.0,
      "weight_complex_diff": 46211.0,
      "depth_diff": 1718.0
    },
    "EqSat_math_no_diff_int_sep_div_KBC_max_rules_200_random_terms_huge": {
      "time": 0.7221953190000006,
      "weight_simple_diff": 26304.0,
      "weight_complex_diff": 48529.0,
      "depth_diff": 1810.0
    },
    "EqSat_math_no_diff_int_sep_div_KBC_max_rules_40_random_terms_huge": {
      "time": 0.332436219,
      "weight_simple_diff": 24504.0,
      "weight_complex_diff": 44535.0,
      "depth_diff": 1469.0
    }
  },
  "averages": {
    "EqSat_BaseRules_random_terms_huge": {
      "time": 0.0010526541008064523,
      "weight_simple_diff": 34.891129032258064,
      "weight_complex_diff": 65.01612903225806,
      "depth_diff": 2.396505376344086
    },
    "EqSat_math_no_diff_int_sep_div_KBC_max_rules_60_random_terms_huge": {
      "time": 0.0006052702204301083,
      "weight_simple_diff": 33.159946236559136,
      "weight_complex_diff": 60.31720430107527,
      "depth_diff": 1.978494623655914
    },
    "EqSat_math_no_diff_int_sep_div_KBC_max_rules_80_random_terms_huge": {
      "time": 0.000637126655913978,
      "weight_simple_diff": 33.251344086021504,
      "weight_complex_diff": 60.456989247311824,
      "depth_diff": 2.006720430107527
    },
    "EqSat_math_no_diff_int_sep_div_KBC_max_rules_100_random_terms_huge": {
      "time": 0.0006656072258064516,
      "weight_simple_diff": 33.538978494623656,
      "weight_complex_diff": 61.016129032258064,
      "depth_diff": 2.131720430107527
    },
    "EqSat_math_no_diff_int_sep_div_KBC_max_rules_150_random_terms_huge": {
      "time": 0.0008146705376344102,
      "weight_simple_diff": 34.29032258064516,
      "weight_complex_diff": 62.111559139784944,
      "depth_diff": 2.3091397849462365
    },
    "EqSat_math_no_diff_int_sep_div_KBC_max_rules_200_random_terms_huge": {
      "time": 0.0009706926330645169,
      "weight_simple_diff": 35.354838709677416,
      "weight_complex_diff": 65.22715053763442,
      "depth_diff": 2.432795698924731
    },
    "EqSat_math_no_diff_int_sep_div_KBC_max_rules_40_random_terms_huge": {
      "time": 0.00044682287499999996,
      "weight_simple_diff": 32.935483870967744,
      "weight_complex_diff": 59.858870967741936,
      "depth_diff": 1.9744623655913978
    }
  },
  "counts": {
    "EqSat_BaseRules_random_terms_huge": 744,
    "EqSat_math_no_diff_int_sep_div_KBC_max_rules_60_random_terms_huge": 744,
    "EqSat_math_no_diff_int_sep_div_KBC_max_rules_80_random_terms_huge": 744,
    "EqSat_math_no_diff_int_sep_div_KBC_max_rules_100_random_terms_huge": 744,
    "EqSat_math_no_diff_int_sep_div_KBC_max_rules_150_random_terms_huge": 744,
    "EqSat_math_no_diff_int_sep_div_KBC_max_rules_200_random_terms_huge": 744,
    "EqSat_math_no_diff_int_sep_div_KBC_max_rules_40_random_terms_huge": 744
  }
}