{
  "totals": {
    "EqSat_BaseRules_random_terms_medium": {
      "time": 0.1479843420000001,
      "weight_simple_diff": 2357.0,
      "weight_complex_diff": 4427.0,
      "depth_diff": 739.0
    },
    "EqSat_math_no_diff_int_sep_div_KBC_max_rules_60_random_terms_medium": {
      "time": 0.1419350959999999,
      "weight_simple_diff": 2125.0,
      "weight_complex_diff": 4014.0,
      "depth_diff": 610.0
    },
    "EqSat_math_no_diff_int_sep_div_KBC_max_rules_80_random_terms_medium": {
      "time": 0.13904050300000012,
      "weight_simple_diff": 2153.0,
      "weight_complex_diff": 4051.0,
      "depth_diff": 626.0
    },
    "EqSat_math_no_diff_int_sep_div_KBC_max_rules_100_random_terms_medium": {
      "time": 0.1392381049999999,
      "weight_simple_diff": 2201.0,
      "weight_complex_diff": 4111.0,
      "depth_diff": 653.0
    },
    "EqSat_math_no_diff_int_sep_div_KBC_max_rules_150_random_terms_medium": {
      "time": 0.13880955999999994,
      "weight_simple_diff": 2293.0,
      "weight_complex_diff": 4235.0,
      "depth_diff": 702.0
    },
    "EqSat_math_no_diff_int_sep_div_KBC_max_rules_200_random_terms_medium": {
      "time": 0.177787904,
      "weight_simple_diff": 2429.0,
      "weight_complex_diff": 4556.0,
      "depth_diff": 778.0
    },
    "EqSat_math_no_diff_int_sep_div_KBC_max_rules_40_random_terms_medium": {
      "time": 0.039965176,
      "weight_simple_diff": 2087.0,
      "weight_complex_diff": 3895.0,
      "depth_diff": 579.0
    }
  },
  "averages": {
    "EqSat_BaseRules_random_terms_medium": {
      "time": 0.0003644934532019707,
      "weight_simple_diff": 5.805418719211823,
      "weight_complex_diff": 10.903940886699507,
      "depth_diff": 1.8201970443349753
    },
    "EqSat_math_no_diff_int_sep_div_KBC_max_rules_60_random_terms_medium": {
      "time": 0.00034959383251231504,
      "weight_simple_diff": 5.233990147783251,
      "weight_complex_diff": 9.886699507389162,
      "depth_diff": 1.5024630541871922
    },
    "EqSat_math_no_diff_int_sep_div_KBC_max_rules_80_random_terms_medium": {
      "time": 0.0003424642931034486,
      "weight_simple_diff": 5.302955665024631,
      "weight_complex_diff": 9.97783251231527,
      "depth_diff": 1.541871921182266
    },
    "EqSat_math_no_diff_int_sep_div_KBC_max_rules_100_random_terms_medium": {
      "time": 0.00034295099753694553,
      "weight_simple_diff": 5.421182266009852,
      "weight_complex_diff": 10.125615763546797,
      "depth_diff": 1.6083743842364533
    },
    "EqSat_math_no_diff_int_sep_div_KBC_max_rules_150_random_terms_medium": {
      "time": 0.0003418954679802954,
      "weight_simple_diff": 5.647783251231527,
      "weight_complex_diff": 10.431034482758621,
      "depth_diff": 1.729064039408867
    },
    "EqSat_math_no_diff_int_sep_div_KBC_max_rules_200_random_terms_medium": {
      "time": 0.00043790124137931035,
      "weight_simple_diff": 5.982758620689655,
      "weight_complex_diff": 11.22167487684729,
      "depth_diff": 1.916256157635468
    },
    "EqSat_math_no_diff_int_sep_div_KBC_max_rules_40_random_terms_medium": {
      "time": 9.843639408866995e-05,
      "weight_simple_diff": 5.140394088669951,
      "weight_complex_diff": 9.5935960591133,
      "depth_diff": 1.4261083743842364
    }
  },
  "counts": {
    "EqSat_BaseRules_random_terms_medium": 406,
    "EqSat_math_no_diff_int_sep_div_KBC_max_rules_60_random_terms_medium": 406,
    "EqSat_math_no_diff_int_sep_div_KBC_max_rules_80_random_terms_medium": 406,
    "EqSat_math_no_diff_int_sep_div_KBC_max_rules_100_random_terms_medium": 406,
    "EqSat_math_no_diff_int_sep_div_KBC_max_rules_150_random_terms_medium": 406,
    "EqSat_math_no_diff_int_sep_div_KBC_max_rules_200_random_terms_medium": 406,
    "EqSat_math_no_diff_int_sep_div_KBC_max_rules_40_random_terms_medium": 406
  }
}