{
  "totals": {
    "EqSat_BaseRules_trandom_terms_large": {
      "time": 1500.8706880689992,
      "weight_simple_diff": 47532.0,
      "weight_complex_diff": 89937.0,
      "depth_diff": 13485.0
    },
    "EqSat_math_no_diff_int_KBC_max_rules_40_extended_trandom_terms_large": {
      "time": 1626.6557681060033,
      "weight_simple_diff": 47738.0,
      "weight_complex_diff": 91021.0,
      "depth_diff": 13592.0
    },
    "EqSat_math_no_diff_int_KBC_max_rules_60_extended_trandom_terms_large": {
      "time": 1797.767079648999,
      "weight_simple_diff": 48270.0,
      "weight_complex_diff": 91553.0,
      "depth_diff": 13960.0
    },
    "EqSat_math_no_diff_int_KBC_max_rules_80_trandom_terms_large": {
      "time": 1728.3186228240004,
      "weight_simple_diff": 48447.0,
      "weight_complex_diff": 91734.0,
      "depth_diff": 14043.0
    },
    "EqSat_math_no_diff_int_KBC_max_rules_100_extended_trandom_terms_large": {
      "time": 2009.6476956910028,
      "weight_simple_diff": 48456.0,
      "weight_complex_diff": 91705.0,
      "depth_diff": 14021.0
    },
    "EqSat_math_no_diff_int_KBC_max_rules_150_extended_trandom_terms_large": {
      "time": 2411.3210612400067,
      "weight_simple_diff": 48541.0,
      "weight_complex_diff": 91741.0,
      "depth_diff": 14220.0
    },
    "EqSat_math_no_diff_int_KBC_max_rules_200_extended_trandom_terms_large": {
      "time": 3698.957759285997,
      "weight_simple_diff": 48750.0,
      "weight_complex_diff": 92136.0,
      "depth_diff": 14245.0
    }
  },
  "averages": {
    "EqSat_BaseRules_trandom_terms_large": {
      "time": 0.4067400238669375,
      "weight_simple_diff": 12.88130081300813,
      "weight_complex_diff": 24.37317073170732,
      "depth_diff": 3.654471544715447
    },
    "EqSat_math_no_diff_int_KBC_max_rules_40_extended_trandom_terms_large": {
      "time": 0.44082812143794126,
      "weight_simple_diff": 12.937127371273712,
      "weight_complex_diff": 24.666937669376694,
      "depth_diff": 3.683468834688347
    },
    "EqSat_math_no_diff_int_KBC_max_rules_60_extended_trandom_terms_large": {
      "time": 0.48719975058238457,
      "weight_simple_diff": 13.08130081300813,
      "weight_complex_diff": 24.81111111111111,
      "depth_diff": 3.78319783197832
    },
    "EqSat_math_no_diff_int_KBC_max_rules_80_trandom_terms_large": {
      "time": 0.46837903057560987,
      "weight_simple_diff": 13.129268292682926,
      "weight_complex_diff": 24.860162601626016,
      "depth_diff": 3.805691056910569
    },
    "EqSat_math_no_diff_int_KBC_max_rules_100_extended_trandom_terms_large": {
      "time": 0.5446199717319791,
      "weight_simple_diff": 13.13170731707317,
      "weight_complex_diff": 24.852303523035232,
      "depth_diff": 3.799728997289973
    },
    "EqSat_math_no_diff_int_KBC_max_rules_150_extended_trandom_terms_large": {
      "time": 0.6534745423414652,
      "weight_simple_diff": 13.154742547425474,
      "weight_complex_diff": 24.862059620596206,
      "depth_diff": 3.8536585365853657
    },
    "EqSat_math_no_diff_int_KBC_max_rules_200_extended_trandom_terms_large": {
      "time": 1.0024275770422755,
      "weight_simple_diff": 13.211382113821138,
      "weight_complex_diff": 24.96910569105691,
      "depth_diff": 3.8604336043360434
    }
  },
  "counts": {
    "EqSat_BaseRules_trandom_terms_large": 3690,
    "EqSat_math_no_diff_int_KBC_max_rules_40_extended_trandom_terms_large": 3690,
    "EqSat_math_no_diff_int_KBC_max_rules_60_extended_trandom_terms_large": 3690,
    "EqSat_math_no_diff_int_KBC_max_rules_80_trandom_terms_large": 3690,
    "EqSat_math_no_diff_int_KBC_max_rules_100_extended_trandom_terms_large": 3690,
    "EqSat_math_no_diff_int_KBC_max_rules_150_extended_trandom_terms_large": 3690,
    "EqSat_math_no_diff_int_KBC_max_rules_200_extended_trandom_terms_large": 3690
  }
}