{
  "totals": {
    "EqSat_BaseRules_trandom_terms_large": {
      "time": 1529.0850196029974,
      "weight_simple_diff": 47532.0,
      "weight_complex_diff": 89937.0,
      "depth_diff": 13485.0
    },
    "EqSat_math_no_diff_int_KBC_max_term_size_3_trandom_terms_large": {
      "time": 224.57371545399965,
      "weight_simple_diff": 41336.0,
      "weight_complex_diff": 73835.0,
      "depth_diff": 9496.0
    },
    "EqSat_math_no_diff_int_KBC_max_term_size_4_trandom_terms_large": {
      "time": 224.02978845900032,
      "weight_simple_diff": 41494.0,
      "weight_complex_diff": 74664.0,
      "depth_diff": 9606.0
    },
    "EqSat_math_no_diff_int_KBC_max_term_size_6_trandom_terms_large": {
      "time": 415.04412252999913,
      "weight_simple_diff": 41885.0,
      "weight_complex_diff": 75032.0,
      "depth_diff": 9854.0
    },
    "EqSat_math_no_diff_int_KBC_max_term_size_8_trandom_terms_large": {
      "time": 3598.708334035004,
      "weight_simple_diff": 46414.0,
      "weight_complex_diff": 84991.0,
      "depth_diff": 12661.0
    }
  },
  "averages": {
    "EqSat_BaseRules_trandom_terms_large": {
      "time": 0.41438618417425405,
      "weight_simple_diff": 12.88130081300813,
      "weight_complex_diff": 24.37317073170732,
      "depth_diff": 3.654471544715447
    },
    "EqSat_math_no_diff_int_KBC_max_term_size_3_trandom_terms_large": {
      "time": 0.06086008548888879,
      "weight_simple_diff": 11.202168021680217,
      "weight_complex_diff": 20.009485094850948,
      "depth_diff": 2.573441734417344
    },
    "EqSat_math_no_diff_int_KBC_max_term_size_4_trandom_terms_large": {
      "time": 0.060712679799187076,
      "weight_simple_diff": 11.244986449864498,
      "weight_complex_diff": 20.234146341463415,
      "depth_diff": 2.603252032520325
    },
    "EqSat_math_no_diff_int_KBC_max_term_size_6_trandom_terms_large": {
      "time": 0.11247808198644962,
      "weight_simple_diff": 11.350948509485095,
      "weight_complex_diff": 20.333875338753387,
      "depth_diff": 2.670460704607046
    },
    "EqSat_math_no_diff_int_KBC_max_term_size_8_trandom_terms_large": {
      "time": 0.9752597111205973,
      "weight_simple_diff": 12.578319783197832,
      "weight_complex_diff": 23.03279132791328,
      "depth_diff": 3.4311653116531167
    }
  },
  "counts": {
    "EqSat_BaseRules_trandom_terms_large": 3690,
    "EqSat_math_no_diff_int_KBC_max_term_size_3_trandom_terms_large": 3690,
    "EqSat_math_no_diff_int_KBC_max_term_size_4_trandom_terms_large": 3690,
    "EqSat_math_no_diff_int_KBC_max_term_size_6_trandom_terms_large": 3690,
    "EqSat_math_no_diff_int_KBC_max_term_size_8_trandom_terms_large": 3690
  }
}