{
  "totals": {
    "EqSat_BaseRules_random_terms_large": {
      "time": 4.728476903999999,
      "weight_simple_diff": 1118.0,
      "weight_complex_diff": 2131.0,
      "depth_diff": 303.0
    },
    "EqSat_math_no_diff_int_sep_div_KBC_max_rules_60_random_terms_large": {
      "time": 7.249313036999999,
      "weight_simple_diff": 997.0,
      "weight_complex_diff": 1896.0,
      "depth_diff": 235.0
    },
    "EqSat_math_no_diff_int_sep_div_KBC_max_rules_80_random_terms_large": {
      "time": 7.133373066000003,
      "weight_simple_diff": 1012.0,
      "weight_complex_diff": 1924.0,
      "depth_diff": 245.0
    },
    "EqSat_math_no_diff_int_sep_div_KBC_max_rules_100_random_terms_large": {
      "time": 6.611984555,
      "weight_simple_diff": 1028.0,
      "weight_complex_diff": 1941.0,
      "depth_diff": 256.0
    },
    "EqSat_math_no_diff_int_sep_div_KBC_max_rules_150_random_terms_large": {
      "time": 4.327699344,
      "weight_simple_diff": 1059.0,
      "weight_complex_diff": 1986.0,
      "depth_diff": 272.0
    },
    "EqSat_math_no_diff_int_sep_div_KBC_max_rules_200_random_terms_large": {
      "time": 7.804528040000001,
      "weight_simple_diff": 1150.0,
      "weight_complex_diff": 2201.0,
      "depth_diff": 323.0
    }
  },
  "averages": {
    "EqSat_BaseRules_random_terms_large": {
      "time": 0.040414332512820506,
      "weight_simple_diff": 9.555555555555555,
      "weight_complex_diff": 18.213675213675213,
      "depth_diff": 2.58974358974359
    },
    "EqSat_math_no_diff_int_sep_div_KBC_max_rules_60_random_terms_large": {
      "time": 0.06195994048717948,
      "weight_simple_diff": 8.521367521367521,
      "weight_complex_diff": 16.205128205128204,
      "depth_diff": 2.0085470085470085
    },
    "EqSat_math_no_diff_int_sep_div_KBC_max_rules_80_random_terms_large": {
      "time": 0.06096900056410259,
      "weight_simple_diff": 8.649572649572649,
      "weight_complex_diff": 16.444444444444443,
      "depth_diff": 2.094017094017094
    },
    "EqSat_math_no_diff_int_sep_div_KBC_max_rules_100_random_terms_large": {
      "time": 0.0565126885042735,
      "weight_simple_diff": 8.786324786324787,
      "weight_complex_diff": 16.58974358974359,
      "depth_diff": 2.1880341880341883
    },
    "EqSat_math_no_diff_int_sep_div_KBC_max_rules_150_random_terms_large": {
      "time": 0.036988883282051285,
      "weight_simple_diff": 9.051282051282051,
      "weight_complex_diff": 16.974358974358974,
      "depth_diff": 2.324786324786325
    },
    "EqSat_math_no_diff_int_sep_div_KBC_max_rules_200_random_terms_large": {
      "time": 0.06670536786324788,
      "weight_simple_diff": 9.82905982905983,
      "weight_complex_diff": 18.811965811965813,
      "depth_diff": 2.7606837606837606
    }
  },
  "counts": {
    "EqSat_BaseRules_random_terms_large": 117,
    "EqSat_math_no_diff_int_sep_div_KBC_max_rules_60_random_terms_large": 117,
    "EqSat_math_no_diff_int_sep_div_KBC_max_rules_80_random_terms_large": 117,
    "EqSat_math_no_diff_int_sep_div_KBC_max_rules_100_random_terms_large": 117,
    "EqSat_math_no_diff_int_sep_div_KBC_max_rules_150_random_terms_large": 117,
    "EqSat_math_no_diff_int_sep_div_KBC_max_rules_200_random_terms_large": 117
  }
}