{
  "totals": {
    "EqSat_BaseRules_random_terms_small": {
      "time": 13.092177974999997,
      "weight_simple_diff": 8196.0,
      "weight_complex_diff": 15545.0,
      "depth_diff": 3362.0
    },
    "EqSat_math_no_diff_int_sep_div_KBC_max_rules_60_random_terms_small": {
      "time": 31.536864832000063,
      "weight_simple_diff": 7381.0,
      "weight_complex_diff": 13979.0,
      "depth_diff": 2896.0
    },
    "EqSat_math_no_diff_int_sep_div_KBC_max_rules_80_random_terms_small": {
      "time": 37.565535961999956,
      "weight_simple_diff": 7461.0,
      "weight_complex_diff": 14060.0,
      "depth_diff": 2968.0
    },
    "EqSat_math_no_diff_int_sep_div_KBC_max_rules_100_random_terms_small": {
      "time": 32.808579605999995,
      "weight_simple_diff": 7633.0,
      "weight_complex_diff": 14244.0,
      "depth_diff": 3066.0
    },
    "EqSat_math_no_diff_int_sep_div_KBC_max_rules_150_random_terms_small": {
      "time": 31.939592026999957,
      "weight_simple_diff": 7925.0,
      "weight_complex_diff": 14687.0,
      "depth_diff": 3235.0
    },
    "EqSat_math_no_diff_int_sep_div_KBC_max_rules_200_random_terms_small": {
      "time": 52.532987314000025,
      "weight_simple_diff": 8290.0,
      "weight_complex_diff": 15679.0,
      "depth_diff": 3429.0
    }
  },
  "averages": {
    "EqSat_BaseRules_random_terms_small": {
      "time": 0.004436522526262283,
      "weight_simple_diff": 2.777363605557438,
      "weight_complex_diff": 5.267705862419519,
      "depth_diff": 1.1392748220942053
    },
    "EqSat_math_no_diff_int_sep_div_KBC_max_rules_60_random_terms_small": {
      "time": 0.010686839997289076,
      "weight_simple_diff": 2.5011860386309723,
      "weight_complex_diff": 4.737038292104371,
      "depth_diff": 0.981362250084717
    },
    "EqSat_math_no_diff_int_sep_div_KBC_max_rules_80_random_terms_small": {
      "time": 0.012729764812605881,
      "weight_simple_diff": 2.5282954930532022,
      "weight_complex_diff": 4.764486614706879,
      "depth_diff": 1.0057607590647237
    },
    "EqSat_math_no_diff_int_sep_div_KBC_max_rules_100_random_terms_small": {
      "time": 0.011117783668586918,
      "weight_simple_diff": 2.586580820060996,
      "weight_complex_diff": 4.826838359878008,
      "depth_diff": 1.0389698407319552
    },
    "EqSat_math_no_diff_int_sep_div_KBC_max_rules_150_random_terms_small": {
      "time": 0.010823311429007101,
      "weight_simple_diff": 2.685530328702135,
      "weight_complex_diff": 4.976956963741105,
      "depth_diff": 1.0962385631989155
    },
    "EqSat_math_no_diff_int_sep_div_KBC_max_rules_200_random_terms_small": {
      "time": 0.017801757815655718,
      "weight_simple_diff": 2.8092172145035583,
      "weight_complex_diff": 5.313114198576754,
      "depth_diff": 1.1619789901728228
    }
  },
  "counts": {
    "EqSat_BaseRules_random_terms_small": 2951,
    "EqSat_math_no_diff_int_sep_div_KBC_max_rules_60_random_terms_small": 2951,
    "EqSat_math_no_diff_int_sep_div_KBC_max_rules_80_random_terms_small": 2951,
    "EqSat_math_no_diff_int_sep_div_KBC_max_rules_100_random_terms_small": 2951,
    "EqSat_math_no_diff_int_sep_div_KBC_max_rules_150_random_terms_small": 2951,
    "EqSat_math_no_diff_int_sep_div_KBC_max_rules_200_random_terms_small": 2951
  }
}