{
  "totals": {
    "EqSat_BaseRules_random_terms_huge": {
      "time": 2.7323211499999966,
      "weight_simple_diff": 8557.0,
      "weight_complex_diff": 15889.0,
      "depth_diff": 565.0
    },
    "EqSat_math_no_diff_int_KBC_max_rules_40_random_terms_huge": {
      "time": 1.3491637739999998,
      "weight_simple_diff": 8131.0,
      "weight_complex_diff": 14288.0,
      "depth_diff": 459.0
    },
    "EqSat_math_no_diff_int_KBC_max_rules_60_random_terms_huge": {
      "time": 1.5887466120000016,
      "weight_simple_diff": 8177.0,
      "weight_complex_diff": 14334.0,
      "depth_diff": 477.0
    },
    "EqSat_math_no_diff_int_KBC_max_rules_80_random_terms_huge": {
      "time": 1.8062996979999988,
      "weight_simple_diff": 8231.0,
      "weight_complex_diff": 14387.0,
      "depth_diff": 485.0
    },
    "EqSat_math_no_diff_int_KBC_max_rules_100_random_terms_huge": {
      "time": 1.9767882819999991,
      "weight_simple_diff": 8246.0,
      "weight_complex_diff": 14397.0,
      "depth_diff": 489.0
    },
    "EqSat_math_no_diff_int_KBC_max_rules_150_random_terms_huge": {
      "time": 2.3925296190000003,
      "weight_simple_diff": 8587.0,
      "weight_complex_diff": 15381.0,
      "depth_diff": 581.0
    }
  },
  "averages": {
    "EqSat_BaseRules_random_terms_huge": {
      "time": 0.01101742399193547,
      "weight_simple_diff": 34.50403225806452,
      "weight_complex_diff": 64.06854838709677,
      "depth_diff": 2.278225806451613
    },
    "EqSat_math_no_diff_int_KBC_max_rules_40_random_terms_huge": {
      "time": 0.0054401765080645155,
      "weight_simple_diff": 32.78629032258065,
      "weight_complex_diff": 57.61290322580645,
      "depth_diff": 1.8508064516129032
    },
    "EqSat_math_no_diff_int_KBC_max_rules_60_random_terms_huge": {
      "time": 0.006406236338709684,
      "weight_simple_diff": 32.971774193548384,
      "weight_complex_diff": 57.79838709677419,
      "depth_diff": 1.9233870967741935
    },
    "EqSat_math_no_diff_int_KBC_max_rules_80_random_terms_huge": {
      "time": 0.007283466524193543,
      "weight_simple_diff": 33.189516129032256,
      "weight_complex_diff": 58.01209677419355,
      "depth_diff": 1.9556451612903225
    },
    "EqSat_math_no_diff_int_KBC_max_rules_100_random_terms_huge": {
      "time": 0.00797092049193548,
      "weight_simple_diff": 33.25,
      "weight_complex_diff": 58.05241935483871,
      "depth_diff": 1.971774193548387
    },
    "EqSat_math_no_diff_int_KBC_max_rules_150_random_terms_huge": {
      "time": 0.009647296850806453,
      "weight_simple_diff": 34.625,
      "weight_complex_diff": 62.020161290322584,
      "depth_diff": 2.342741935483871
    }
  },
  "counts": {
    "EqSat_BaseRules_random_terms_huge": 248,
    "EqSat_math_no_diff_int_KBC_max_rules_40_random_terms_huge": 248,
    "EqSat_math_no_diff_int_KBC_max_rules_60_random_terms_huge": 248,
    "EqSat_math_no_diff_int_KBC_max_rules_80_random_terms_huge": 248,
    "EqSat_math_no_diff_int_KBC_max_rules_100_random_terms_huge": 248,
    "EqSat_math_no_diff_int_KBC_max_rules_150_random_terms_huge": 248
  }
}