{
  "totals": {
    "EqSat_BaseRules_random_terms_small": {
      "time": 5.036408758999993,
      "weight_simple_diff": 8195.0,
      "weight_complex_diff": 15543.0,
      "depth_diff": 3362.0
    },
    "EqSat_math_no_diff_int_KBC_max_rules_40_random_terms_small": {
      "time": 1.0298927560000015,
      "weight_simple_diff": 7316.0,
      "weight_complex_diff": 13184.0,
      "depth_diff": 2852.0
    },
    "EqSat_math_no_diff_int_KBC_max_rules_60_random_terms_small": {
      "time": 1.2414992049999989,
      "weight_simple_diff": 7412.0,
      "weight_complex_diff": 13283.0,
      "depth_diff": 2918.0
    },
    "EqSat_math_no_diff_int_KBC_max_rules_80_random_terms_small": {
      "time": 1.4286107529999994,
      "weight_simple_diff": 7489.0,
      "weight_complex_diff": 13346.0,
      "depth_diff": 2961.0
    },
    "EqSat_math_no_diff_int_KBC_max_rules_100_random_terms_small": {
      "time": 1.642863469000002,
      "weight_simple_diff": 7517.0,
      "weight_complex_diff": 13363.0,
      "depth_diff": 2978.0
    },
    "EqSat_math_no_diff_int_KBC_max_rules_150_random_terms_small": {
      "time": 2.6020630539999976,
      "weight_simple_diff": 7936.0,
      "weight_complex_diff": 14465.0,
      "depth_diff": 3200.0
    }
  },
  "averages": {
    "EqSat_BaseRules_random_terms_small": {
      "time": 0.0017066786712978629,
      "weight_simple_diff": 2.77702473737716,
      "weight_complex_diff": 5.267028126058963,
      "depth_diff": 1.1392748220942053
    },
    "EqSat_math_no_diff_int_KBC_max_rules_40_random_terms_small": {
      "time": 0.0003489978841070829,
      "weight_simple_diff": 2.4791596069129107,
      "weight_complex_diff": 4.467638088783463,
      "depth_diff": 0.9664520501524907
    },
    "EqSat_math_no_diff_int_KBC_max_rules_60_random_terms_small": {
      "time": 0.0004207045764147743,
      "weight_simple_diff": 2.5116909522195865,
      "weight_complex_diff": 4.501186038630973,
      "depth_diff": 0.9888173500508303
    },
    "EqSat_math_no_diff_int_KBC_max_rules_80_random_terms_small": {
      "time": 0.0004841107261945101,
      "weight_simple_diff": 2.5377838021009826,
      "weight_complex_diff": 4.522534733988478,
      "depth_diff": 1.0033886818027786
    },
    "EqSat_math_no_diff_int_KBC_max_rules_100_random_terms_small": {
      "time": 0.0005567141541850226,
      "weight_simple_diff": 2.547272111148763,
      "weight_complex_diff": 4.528295493053203,
      "depth_diff": 1.0091494408675026
    },
    "EqSat_math_no_diff_int_KBC_max_rules_150_random_terms_small": {
      "time": 0.0008817563720772612,
      "weight_simple_diff": 2.6892578786851913,
      "weight_complex_diff": 4.901728227719417,
      "depth_diff": 1.08437817688919
    }
  },
  "counts": {
    "EqSat_BaseRules_random_terms_small": 2951,
    "EqSat_math_no_diff_int_KBC_max_rules_40_random_terms_small": 2951,
    "EqSat_math_no_diff_int_KBC_max_rules_60_random_terms_small": 2951,
    "EqSat_math_no_diff_int_KBC_max_rules_80_random_terms_small": 2951,
    "EqSat_math_no_diff_int_KBC_max_rules_100_random_terms_small": 2951,
    "EqSat_math_no_diff_int_KBC_max_rules_150_random_terms_small": 2951
  }
}