{
  "totals": {
    "EqSat_BaseRules_random_terms_small": {
      "time": 0.21507673999999974,
      "weight_simple_diff": 7978.0,
      "weight_complex_diff": 15131.0,
      "depth_diff": 3200.0
    },
    "EqSat_math_no_diff_int_sep_div_KBC_max_rules_60_random_terms_small": {
      "time": 0.06746758700000002,
      "weight_simple_diff": 7381.0,
      "weight_complex_diff": 13979.0,
      "depth_diff": 2896.0
    },
    "EqSat_math_no_diff_int_sep_div_KBC_max_rules_80_random_terms_small": {
      "time": 0.0833200120000001,
      "weight_simple_diff": 7461.0,
      "weight_complex_diff": 14059.0,
      "depth_diff": 2969.0
    },
    "EqSat_math_no_diff_int_sep_div_KBC_max_rules_100_random_terms_small": {
      "time": 0.08985184299999995,
      "weight_simple_diff": 7633.0,
      "weight_complex_diff": 14244.0,
      "depth_diff": 3067.0
    },
    "EqSat_math_no_diff_int_sep_div_KBC_max_rules_150_random_terms_small": {
      "time": 0.11494690100000009,
      "weight_simple_diff": 7913.0,
      "weight_complex_diff": 14672.0,
      "depth_diff": 3227.0
    },
    "EqSat_math_no_diff_int_sep_div_KBC_max_rules_200_random_terms_small": {
      "time": 0.14151242799999994,
      "weight_simple_diff": 8221.0,
      "weight_complex_diff": 15569.0,
      "depth_diff": 3384.0
    },
    "EqSat_math_no_diff_int_sep_div_KBC_max_rules_40_random_terms_small": {
      "time": 0.04353271599999999,
      "weight_simple_diff": 7260.0,
      "weight_complex_diff": 13649.0,
      "depth_diff": 2816.0
    }
  },
  "averages": {
    "EqSat_BaseRules_random_terms_small": {
      "time": 7.28826635038969e-05,
      "weight_simple_diff": 2.703490342256862,
      "weight_complex_diff": 5.1274144357844795,
      "depth_diff": 1.08437817688919
    },
    "EqSat_math_no_diff_int_sep_div_KBC_max_rules_60_random_terms_small": {
      "time": 2.2862618434429015e-05,
      "weight_simple_diff": 2.5011860386309723,
      "weight_complex_diff": 4.737038292104371,
      "depth_diff": 0.981362250084717
    },
    "EqSat_math_no_diff_int_sep_div_KBC_max_rules_80_random_terms_small": {
      "time": 2.8234500847170484e-05,
      "weight_simple_diff": 2.5282954930532022,
      "weight_complex_diff": 4.764147746526601,
      "depth_diff": 1.0060996272450018
    },
    "EqSat_math_no_diff_int_sep_div_KBC_max_rules_100_random_terms_small": {
      "time": 3.0447930532023023e-05,
      "weight_simple_diff": 2.586580820060996,
      "weight_complex_diff": 4.826838359878008,
      "depth_diff": 1.039308708912233
    },
    "EqSat_math_no_diff_int_sep_div_KBC_max_rules_150_random_terms_small": {
      "time": 3.895184717045073e-05,
      "weight_simple_diff": 2.6814639105388003,
      "weight_complex_diff": 4.971873941036937,
      "depth_diff": 1.0935276177566926
    },
    "EqSat_math_no_diff_int_sep_div_KBC_max_rules_200_random_terms_small": {
      "time": 4.795405896306335e-05,
      "weight_simple_diff": 2.785835310064385,
      "weight_complex_diff": 5.275838698746187,
      "depth_diff": 1.1467299220603184
    },
    "EqSat_math_no_diff_int_sep_div_KBC_max_rules_40_random_terms_small": {
      "time": 1.4751852253473395e-05,
      "weight_simple_diff": 2.46018298881735,
      "weight_complex_diff": 4.6252117926126735,
      "depth_diff": 0.9542527956624873
    }
  },
  "counts": {
    "EqSat_BaseRules_random_terms_small": 2951,
    "EqSat_math_no_diff_int_sep_div_KBC_max_rules_60_random_terms_small": 2951,
    "EqSat_math_no_diff_int_sep_div_KBC_max_rules_80_random_terms_small": 2951,
    "EqSat_math_no_diff_int_sep_div_KBC_max_rules_100_random_terms_small": 2951,
    "EqSat_math_no_diff_int_sep_div_KBC_max_rules_150_random_terms_small": 2951,
    "EqSat_math_no_diff_int_sep_div_KBC_max_rules_200_random_terms_small": 2951,
    "EqSat_math_no_diff_int_sep_div_KBC_max_rules_40_random_terms_small": 2951
  }
}