{
  "totals": {
    "EqSat_BaseRules_random_terms_huge": {
      "time": 0.08206942199999999,
      "weight_simple_diff": 22213.0,
      "weight_complex_diff": 37699.0,
      "depth_diff": 826.0
    },
    "EqSat_math_no_diff_int_sep_div_KBC_max_rules_60_random_terms_huge": {
      "time": 0.07654090399999997,
      "weight_simple_diff": 23881.0,
      "weight_complex_diff": 42843.0,
      "depth_diff": 1288.0
    },
    "EqSat_math_no_diff_int_sep_div_KBC_max_rules_80_random_terms_huge": {
      "time": 0.07672369599999998,
      "weight_simple_diff": 22922.0,
      "weight_complex_diff": 40461.0,
      "depth_diff": 1061.0
    },
    "EqSat_math_no_diff_int_sep_div_KBC_max_rules_100_random_terms_huge": {
      "time": 0.07700689300000002,
      "weight_simple_diff": 22999.0,
      "weight_complex_diff": 40609.0,
      "depth_diff": 1127.0
    },
    "EqSat_math_no_diff_int_sep_div_KBC_max_rules_150_random_terms_huge": {
      "time": 0.07656793799999992,
      "weight_simple_diff": 22877.0,
      "weight_complex_diff": 40236.0,
      "depth_diff": 1084.0
    },
    "EqSat_math_no_diff_int_sep_div_KBC_max_rules_200_random_terms_huge": {
      "time": 0.07670553000000004,
      "weight_simple_diff": 22827.0,
      "weight_complex_diff": 40947.0,
      "depth_diff": 1128.0
    },
    "EqSat_math_no_diff_int_sep_div_KBC_max_rules_40_random_terms_huge": {
      "time": 0.07539382399999998,
      "weight_simple_diff": 23870.0,
      "weight_complex_diff": 42972.0,
      "depth_diff": 1319.0
    }
  },
  "averages": {
    "EqSat_BaseRules_random_terms_huge": {
      "time": 0.0001103083629032258,
      "weight_simple_diff": 29.856182795698924,
      "weight_complex_diff": 50.670698924731184,
      "depth_diff": 1.1102150537634408
    },
    "EqSat_math_no_diff_int_sep_div_KBC_max_rules_60_random_terms_huge": {
      "time": 0.0001028775591397849,
      "weight_simple_diff": 32.098118279569896,
      "weight_complex_diff": 57.58467741935484,
      "depth_diff": 1.7311827956989247
    },
    "EqSat_math_no_diff_int_sep_div_KBC_max_rules_80_random_terms_huge": {
      "time": 0.00010312324731182793,
      "weight_simple_diff": 30.809139784946236,
      "weight_complex_diff": 54.38306451612903,
      "depth_diff": 1.4260752688172043
    },
    "EqSat_math_no_diff_int_sep_div_KBC_max_rules_100_random_terms_huge": {
      "time": 0.00010350388844086024,
      "weight_simple_diff": 30.912634408602152,
      "weight_complex_diff": 54.581989247311824,
      "depth_diff": 1.5147849462365592
    },
    "EqSat_math_no_diff_int_sep_div_KBC_max_rules_150_random_terms_huge": {
      "time": 0.00010291389516129021,
      "weight_simple_diff": 30.748655913978496,
      "weight_complex_diff": 54.08064516129032,
      "depth_diff": 1.456989247311828
    },
    "EqSat_math_no_diff_int_sep_div_KBC_max_rules_200_random_terms_huge": {
      "time": 0.00010309883064516133,
      "weight_simple_diff": 30.681451612903224,
      "weight_complex_diff": 55.03629032258065,
      "depth_diff": 1.5161290322580645
    },
    "EqSat_math_no_diff_int_sep_div_KBC_max_rules_40_random_terms_huge": {
      "time": 0.00010133578494623654,
      "weight_simple_diff": 32.083333333333336,
      "weight_complex_diff": 57.75806451612903,
      "depth_diff": 1.7728494623655915
    }
  },
  "counts": {
    "EqSat_BaseRules_random_terms_huge": 744,
    "EqSat_math_no_diff_int_sep_div_KBC_max_rules_60_random_terms_huge": 744,
    "EqSat_math_no_diff_int_sep_div_KBC_max_rules_80_random_terms_huge": 744,
    "EqSat_math_no_diff_int_sep_div_KBC_max_rules_100_random_terms_huge": 744,
    "EqSat_math_no_diff_int_sep_div_KBC_max_rules_150_random_terms_huge": 744,
    "EqSat_math_no_diff_int_sep_div_KBC_max_rules_200_random_terms_huge": 744,
    "EqSat_math_no_diff_int_sep_div_KBC_max_rules_40_random_terms_huge": 744
  }
}